,items,price
0,GCAROL Euro Style Classic Women High Waist Denim Jeans Vintage Slim Mom Style Pencil Jeans High Quality Denim Pants For 4 Season,US $22.49
1,Men Jeans Runway Slim Racer Biker Jeans Fashion Hiphop Skinny Jeans For Men H0292,US $18.90
2,Jeans for women Jeans With High Waist Jeans Woman High Elastic plus size Women Jeans femme washed casual skinny pencil pants,US $15.27 - 19.19
3,Fashion Stretch Men Jeans Denim Jogger Design Hip Hop Joggers For Men Y5036,US $19.80
4,Brother Wang Brand 2018 New Men's Fashion Jeans Business Casual Stretch Slim Jeans Classic Trousers Denim Pants Male 101,US $19.20
5,SHEIN Women Summer Pants Casual Trousers for Ladies Blue Ripped Mid Waist Drawstring Skinny Denim Calf Length Jeans,US $13.51
6,RZIV 2017 jeans woman casual stretch denim solid color stitching waist black jeans and skinny jeans trouser,US $21.70
7,Free shipping 2018 New Slim Pencil Pants Vintage High Waist Jeans new womens pants full length pants loose cowboy pants C1332,US $17.66 - 20.66
8,2018 Ladies High Waist Mom Female Boyfriend Jeans For Women Trousers Denim Pencil Pants Ripped Jeans Woman Straight Mujer Femme,US $13.00 - 14.10
9,Spring 2018 retro women pencil denim pants blue high waist jeans woman casual vintage boyfriend mom jeans korean fashion,US $18.99 - 19.99
10,Cordura SWAT Military Cargo Jeans Men Casual Jeans Stretch Multi Pockets Tactical Combat Army,US $40.60
11,Jeans Female Denim Pants Candy Color Womens Jeans Donna Stretch Bottoms Feminino Skinny Pants For Women Trousers 2018 Tataria,US $9.90 - 13.02
12,Simplee Floral embroidery women jeans pants Casual high waist jeans femme Light blue denim skinny jenas pencil trousers 2018,US $23.83
13,QoolXCWear Brand Designer Slim Fit Ripped Jeans Men Hi-Street Mens Distressed Denim Joggers Knee Holes Washed Destroyed Jeans,US $19.71
14,Simplee Pearl tassels blue high waist jeans female Streetwear pocket casual jeans 2018 Summer denim pants women bottom,US $27.72
15,Slim Jeans For Women Skinny High Waist Jeans Woman Blue Denim Pencil Pants Stretch Waist Women Jeans Black Pants Calca Feminina,US $13.24 - 15.97
16,2017 Hole Middle Waist Elastic Skinny Pencil Lady Pants Ankle Length Blue Color Woman Jeans pearl High Quality,US $7.00
17,Mew Fashion Womens Destroyed Ripped Jeans Distressed Slim Denim Boyfriend Hole Jeans Trousers New,US $10.84 - 12.27
18,Hot Sale Push Up Jeans Woman Pencil Pants Vintage High Waist Jeans Women Casual Stretch Skinny Jeans Femme Black Blue White,US $14.02
19,Ankle-Length High Waist Jeans Woman Side Striped Patchwork Skinny Jeans All Matched Casual Pants Brief Slim Winter Boots Jeans,US $17.99 - 18.99
20,2035 Youaxon Women`s Free Shipping Burgundy Elastic Denim Jean Pants Trousers Skinny Pencil High Waisted Woman Jeans Femme,US $12.65
21,Gingtto Stripe Ripped Jeans For Men Hip Hop Super Skinny Blue Men Jeans Elastic Pant Designer Brand Fashion Slim Fit Ribbon,US $34.03
22,SHEIN Pearl Beaded Frayed Hem Jeans Casual Womens Skinny Jeans Denim Autumn High Waist Bleached Women Zipper Pants,US $21.97
23,2077 Youaxon Women`s Motorcycle Biker Zip Mid High Waist Stretch Denim Skinny Pants Motor Jeans For Women,US $22.68
24,Men Jeans Stretch Destroyed Ripped Design Fashion Ankle Zipper Skinny Jeans For Men E5020,US $18.80
25,LALA IKAI Plus Size 2XL 3XL Ripped Jeans For Women Blue Hole Mom Jeans Ladies Destroyed High Waist Skinny Jeans Femme KWA0490-5,US $15.80
26,Hot Jeans Pants 2016 Womens Fall Fashion Female Denim Strech Blue Skinny Hole Ripped Pencil High Waist Slim Pencil Trousers,US $7.21 - 9.70
27,2018 LEIJIJEANS NEW Arrival Stretch Well 3 Colors Plus Size High Waist Full Length For Four Seasons Women Skinny Pencil Jeans,US $14.28 - 17.43
28,Men's Jeans 2018 Mens Black Jeans Slim Fit Stretch Denim Casual Quality Pants Business Trousers for Man Boys Jean Homme size 38,US $23.76
29,Gingtto Black Denim Supper Skinny Jeans Men Slim Fit With Chain Elastic Waist Biker Hip Hop Streetwear Drop Shipping Supplier,US $28.33 - 37.83
30,WIXRA Basic Denim Jeans Classic 4 Season Women High Waist Jeans Vintage Mom Style Pencil Jeans High Quality Cowboy Denim Pants,US $16.77 - 22.11
31,New 2018 Washed Women Imitation Jeans Mujer Stretch Cotton Denim Pants Trousers Boyfriend Big Size Skinny Jeans Pencil Pants,US $6.88 - 7.44
32,2017 Men Jeans Design Biker Jeans Skinny Strech Casual Jeans For Men Good Quality H1703,US $23.55
33,Jeans For Women Stretch Black Jeans Woman 2017 Pants Skinny Women Jeans With High Waist Denim Blue Ladies Push Up White Jeans,US $11.69 - 13.54
34,KSTUN Men Jeans Business Casual Thin Summer Straight Slim Fit Blue Jeans Stretch Denim Pants Trousers Classic Cowboys Young Man,US $23.31
35,Summer Skinny Jeans Capris Women Stretch Knee Length Denim Pants High Waist Women's Jeans Plus Size Female Short Jean For Woman,US $13.99 - 17.91
36,Fashion Men Slim Hole Zipper Denim Jeans 2018 New Summer Skinny Frayed Pants Distressed Rip Troursers,US $7.48 - 8.28
37,2018 Men's Jeans Utr Light Thin Fashion Brand Jeans Large Sales Of Spring Summer Jeans Fashion Slim Jeans Men's Trousers,US $15.29 - 16.14
38,SULEE Brand European American Style Stretch Men Jeans Luxury Men's Denim Trousers Slim Straight Deep blue Gentleman Mens Stretch,US $20.93
39,Fashion Moustache Effect Short Pants Men Loose Denim Shorts Men 2018 New Europe Straight Designer Jeans Men Short,US $17.57
40,2077 Youaxon Women`s Motorcycle Biker Zip Mid High Waist Stretch Denim Skinny Pants Motor Jeans For Women,US $22.68
41,2017 New Fashion Jeans Women Pencil Pants High Waist Jeans Sexy Slim Elastic Skinny Pants Trousers Fit Lady Jeans Plus Size,US $12.24 - 14.47
42,2018 New Men Activities Warm Jeans High Quality Famous Brand Autumn Winter Jeans warm flocking warm soft men jeans,US $23.32
43,Women Summer Loose Wide Leg bleached Washed Denim Pants Jeans Female Loose Wide Leg Trousers Vintage Ladies Zipper Jeans,US $29.25
44,women Autumn Slim Fit Mid Waist Flare Jeans Plus Size Stretch Skinny Jeans Bell-Bottom Pants Denim Trousers Xxxl 4Xl 5Xl Xs 6Xl,US $26.59 - 30.88
45,Woman Shaping Hip Jeans Edition High Stretchy High Waist Shaping Sexy Peach Hip Pants Tight Trouser,US $22.99
46,Gothic Punk Women's Jeans Letters Printing Tears Harajuku Denim Pants,US $33.28
47,2018 New Famous Brand Straight Jeans Men Stylish Cotton Stretch Denim Top Quality Business Mens Jeans Plus Size 36 38 40,US $22.99
48,Warm Jeans For Women Thicken Pants Winter Jeans Female Stretch Straight Fashion High Waist Jeans Femme Denim Pants,US $33.00
49,Four Seasons Men Jeans Brand Mens Brand Jeans men Regular fit jeans denim Causal pants Washed Blue jeans for men,US $9.97 - 14.81
50,Gingtto Skinny Jeans For Men Tape Designer Distressed Stretch Jeans Online Sale Brand Blue Skinny Jeans Ripped Slim Fit For Guys,US $24.97 - 35.93
51,Simplee Summer style white hole ripped jeans Women jeggings cool denim high waist pants capris Female skinny black casual jeans,US $19.99
52,2067 Youaxon Women`s Distressed Curvy White Mid High Waist Stretch Denim Pants Ripped Skinny Jeans For Woman Jean,US $17.46
53,2042 Youaxon Women`s High Waist Stretch Ripped Knees Distressed Skinny Denim Jean Pants Jeans Woman,US $16.85
54,2017 Ripped Jeans women cotton harem plus size Ankle-Length denim pant 5XL,US $19.44 - 24.30
55,2018 Summer Fashion Stretch Washed Denim Maternity Jeans High Waist Belly Pencil Trousers Clothes for Pregnant Women Pregnancy,US $18.71
56,Dotfashion Blue Knee Ripped Skinny Cropped Pants Women Fashion Denim Trousers Mid Waist Button Fly Jeans,US $14.88
57,Men'S Classic Jeans Brand Large Size Straight Pantalon Homme Jean Slim Distressed Design Biker Pants Fit Cheap Black Regular,US $14.86
58,Classic Retro Design Men Jeans High Quality Slim Fit Denim Buttons Pants Famous Balplein Brand Jeans Men Vintage Jeans Homme,US $33.99
59,New 2016 Skinny Jeans Women Denim Pants Holes Destroyed Knee Pencil Pants Casual Trousers Black White Stretch Ripped Jeans,US $7.66 - 7.99
60,Europe America Moto Biker Jeans Women Cotton Washed Vintage Pleated Pencil Pants Femme Zipper High Elasticity Skinny Trousers,US $19.99
61,2018 New Fashion Men's Casual Stretch Skinny Jeans Trousers Tight Pants Solid Colors,US $22.80
62,Garemay Women Jeans With High Waist Plus Size Classic Skinny Jeans For Women Denim Pants Fashion Long Pantalon Femme Spring,US $22.05 - 24.95
63,2018 Sexy Gloria Ripped Jeans Woman Sale Items High Waist Quality Denim Pants Full Length Denim Jeans Female Push Up Plus Size,US $15.94
64,Men's Jeans straight fit classic denim Jeans Trousers famous brand pants blue black casual long pants jeans,US $34.95
65,Women Fashion Destroyed Ripped pearled Slim Denim Pants Embroidered Flares Jeans Trousers Denim Long Hole,US $12.74 - 13.67
66,TXJRH Vintage Floral Pattern Embroidery Hole Washed Ripped Bleached Slim Demin Jeans Pencil Pants Pockets Ankle-Length Trousers,US $22.99
67,2018 Boyfriend Jeans Harem Pants Women Trousers Casual Plus Size Loose Fit Vintage Denim Pants High Waist Jeans Women Vaqueros,US $21.25 - 23.79
68,New 2018 Spring Summer Stretchy Blue Hole Ripped Jeans Woman Denim Pants Trousers For Women Pencil Skinny Jeans,US $15.88
69,2018 Jeans Women Full Hip Skinny Button Zippers High Elastic Jeans New Fashion Sexy Female Spring Summer Jeans Pencil Pants,US $18.14
70,ANKRT Boys & Girls2018 Children Broken Hole Pants Girl Clothes Baby lace Jeans For Kids Fashion Trousers Autumn Ties Winter,US $15.84
71,Plus size 25-32 Hole ripped jeans women harem pants loose ankle-length pants Boyfriends For woman Ladies skinny jeans,US $14.95
72,BORRUICE 2018 Men Hip Hop Gloria Jeans Hole Cowboy No Elastic Foot Zipper Fashion Denim Joggers mens jeans,US $17.81
73,Garemay Skinny Jeans Woman Pantalon Femme Denim Pants Strech Womens Colored Skinny Jeans With High Waist Jeggings Jean For Women,US $17.00 - 19.19
74,Sheinside Blue Bleach Wash Distressed Rock Denim Jeans Women Casual High Waist Button Fly Ripped Pants 2018 Skinny Jeans,US $17.98
75,Hot Selling Summer Casual Thin Short Homme De Marque 2018 Korean Youth Mens Denim Shorts Elasticity Distressed Skinny Jeans Men,US $17.36
76,WICCON High Waist Straight Jeans Women With Belt Ankle-Length Patchwork Denim Pants Casual Blue Preppy Style Summer Ladies Jeans,US $20.69
77,JUJULAND 2018 New Jeans For Women High Waist Jeans Woman Blue Denim Pencil Pants Stretch Waist Women Jeans Pants Calca Feminina,US $12.90
78,HIJKLNL Women High Waist Skinny Jeans With Zipper in the Back New Vintage Push Up Black Jeans Femme Fitness Denim Pants NA538,US $18.10
79,LEIJIJJEANS 2018 Hot Summer Fashion Plus Size Solid 4 Colors High Waist Full Length Women Casual Stretch Skinny Pencil Jeans,US $10.46 - 16.54
80,KANYE WEST Fear of god Knee Hole Side Zipper Slim Distressed Jeans Men justin bieber Ripped tore up Jeans For Men stripe pants,US $41.58
81,Large Size Summer Women's Jeans 2017 New Hole Vintage Loose Jeans Plus Blue Denim Do Old Bleched 4XL 5XL Ankle-Length Pants,US $21.80
82,ivyink Sexy PU Leather Femme Shinny Moto & Pencil Pants Black High Waist Button Ladies Danim Stretch Full Length Women's jeans,US $18.24
83,2017 Vintage Black Boyfriend Jeans For Women High Waist Denim Jeans Vintage Slim Mom Pencil Jeans Woman Denim Pants,US $21.59
84,2018 Men Cotton Straight Classic Jeans Spring Autumn Male Denim Pants Overalls Designer Men Jeans High Quality Size 28-44,US $22.39
85,BF Loose New Women Jeans High Waist Ankle Length Snow Casual Boyfriend Straight Pants 2018 Hot Sale Female Streetwear NZ242,US $19.54
