,four,one,three,two
Jeux et divertissements ‡ Paris,https://www.tripadvisor.fr/Attraction_Review-g187147-d14011991-Reviews-The_Live_Thriller-Paris_Ile_de_France.html,The Live Thriller,Chasses au tr√©sor,112
Jeux et divertissements ‡ Paris,https://www.tripadvisor.fr/Attraction_Review-g187147-d13563971-Reviews-Quest_Factory-Paris_Ile_de_France.html,Quest Factory,Jeux d'√©vasion,129
Jeux et divertissements ‡ Paris,https://www.tripadvisor.fr/Attraction_Review-g187147-d8843110-Reviews-One_Hour_Live_Escape_Game-Paris_Ile_de_France.html,One Hour ‚Äì Live Escape Game,Jeux d'√©vasion,2426
Jeux et divertissements ‡ Paris,https://www.tripadvisor.fr/Attraction_Review-g187147-d7340269-Reviews-The_Game-Paris_Ile_de_France.html,The Game,Jeux d'√©vasion,5443
Jeux et divertissements ‡ Paris,https://www.tripadvisor.fr/Attraction_Review-g187147-d9732433-Reviews-Epsilon_Escape-Paris_Ile_de_France.html,Epsilon Escape,Jeux d'√©vasion,534
Jeux et divertissements ‡ Paris,https://www.tripadvisor.fr/Attraction_Review-g187147-d7039096-Reviews-Gamescape-Paris_Ile_de_France.html,Gamescape,Jeux d'√©vasion,1237
Jeux et divertissements ‡ Paris,https://www.tripadvisor.fr/Attraction_Review-g187147-d13791858-Reviews-Incarna-Paris_Ile_de_France.html,Incarna,,75
Jeux et divertissements ‡ Paris,https://www.tripadvisor.fr/Attraction_Review-g187147-d12004632-Reviews-ClueZ_Paris-Paris_Ile_de_France.html,ClueZ Paris,Chasses au tr√©sor,83
Jeux et divertissements ‡ Paris,https://www.tripadvisor.fr/Attraction_Review-g187147-d8657496-Reviews-Lock_Academy-Paris_Ile_de_France.html,Lock Academy,Jeux d'√©vasion,1819
Jeux et divertissements ‡ Paris,https://www.tripadvisor.fr/Attraction_Review-g187147-d13008018-Reviews-Immersia-Paris_Ile_de_France.html,Immersia,Jeux d'√©vasion,94
Jeux et divertissements ‡ Paris,https://www.tripadvisor.fr/Attraction_Review-g187147-d2221379-Reviews-Flight_Experience-Paris_Ile_de_France.html,Flight Experience,,406
Jeux et divertissements ‡ Paris,https://www.tripadvisor.fr/Attraction_Review-g187147-d8614249-Reviews-TEAM_TIME_Live_Escape_Game-Paris_Ile_de_France.html,TEAM-TIME : Live Escape Game,Jeux d'√©vasion,1212
Jeux et divertissements ‡ Paris,https://www.tripadvisor.fr/Attraction_Review-g187147-d13023697-Reviews-Majestic_Escape_Game-Paris_Ile_de_France.html,Majestic Escape Game,Jeux d'√©vasion,82
Jeux et divertissements ‡ Paris,https://www.tripadvisor.fr/Attraction_Review-g187147-d6983401-Reviews-Team_Break_Paris_9-Paris_Ile_de_France.html,Team Break Paris 9,Jeux d'√©vasion,459
Jeux et divertissements ‡ Paris,https://www.tripadvisor.fr/Attraction_Review-g187147-d5039754-Reviews-HintHunt_Paris-Paris_Ile_de_France.html,HintHunt Paris,Jeux d'√©vasion,2146
Jeux et divertissements ‡ Paris,https://www.tripadvisor.fr/Attraction_Review-g187147-d10021387-Reviews-Tempete_sous_un_crane-Paris_Ile_de_France.html,Temp√™te sous un cr√¢ne,Jeux d'√©vasion,334
Jeux et divertissements ‡ Paris,https://www.tripadvisor.fr/Attraction_Review-g187147-d12912290-Reviews-Crack_The_Egg-Paris_Ile_de_France.html,Crack The Egg,Jeux d'√©vasion,291
Jeux et divertissements ‡ Paris,https://www.tripadvisor.fr/Attraction_Review-g187147-d12403992-Reviews-VirtualRoom_Virtual_Reality_Paris-Paris_Ile_de_France.html,VirtualRoom - R√©alit√© Virtuelle Paris,,230
Jeux et divertissements ‡ Paris,https://www.tripadvisor.fr/Attraction_Review-g187147-d8661065-Reviews-Flight_in_Paris-Paris_Ile_de_France.html,Flight in Paris,,127
Jeux et divertissements ‡ Paris,https://www.tripadvisor.fr/Attraction_Review-g187147-d2717927-Reviews-THATLou_Treasure_Hunt_at_the_Louvre-Paris_Ile_de_France.html,"THATLou, Treasure Hunt at the Louvre",Chasses au tr√©sor,375
Jeux et divertissements ‡ Paris,https://www.tripadvisor.fr/Attraction_Review-g187147-d7395708-Reviews-LeavinRoom-Paris_Ile_de_France.html,LeavinRoom,Jeux d'√©vasion,1086
Jeux et divertissements ‡ Paris,https://www.tripadvisor.fr/Attraction_Review-g187147-d12124368-Reviews-The_Skeleton_Key-Paris_Ile_de_France.html,The Skeleton Key,Jeux d'√©vasion,171
Jeux et divertissements ‡ Paris,https://www.tripadvisor.fr/Attraction_Review-g187147-d11978318-Reviews-Kairos_Escape-Paris_Ile_de_France.html,Kairos Escape,,381
Jeux et divertissements ‡ Paris,https://www.tripadvisor.fr/Attraction_Review-g187147-d11799177-Reviews-Phobia_Escape_Game_Paris-Paris_Ile_de_France.html,Phobia Escape Game Paris,Jeux d'√©vasion,584
Jeux et divertissements ‡ Paris,https://www.tripadvisor.fr/Attraction_Review-g187147-d6511311-Reviews-Mystery_Escape-Paris_Ile_de_France.html,Mystery Escape,Jeux d'√©vasion,1341
Jeux et divertissements ‡ Paris,https://www.tripadvisor.fr/Attraction_Review-g187147-d8602664-Reviews-The_Escape_Agency-Paris_Ile_de_France.html,The Escape Agency,Jeux d'√©vasion,191
Jeux et divertissements ‡ Paris,https://www.tripadvisor.fr/Attraction_Review-g187147-d7762365-Reviews-Paris_Ma_Belle-Paris_Ile_de_France.html,Paris Ma Belle,Chasses au tr√©sor,187
Jeux et divertissements ‡ Paris,https://www.tripadvisor.fr/Attraction_Review-g187147-d5484728-Reviews-Quiveutpister_Paris-Paris_Ile_de_France.html,Quiveutpister Paris,Autres jeux et divertissements,192
Jeux et divertissements ‡ Paris,https://www.tripadvisor.fr/Attraction_Review-g187147-d8281735-Reviews-Escape_Hunt_Paris-Paris_Ile_de_France.html,Escape Hunt,Jeux d'√©vasion,913
Jeux et divertissements ‡ Paris,https://www.tripadvisor.fr/Attraction_Review-g187147-d12013252-Reviews-Indicium-Paris_Ile_de_France.html,Indicium,Jeux d'√©vasion,230
Jeux et divertissements ‡ Paris,https://www.tripadvisor.fr/Attraction_Review-g187147-d12910048-Reviews-Les_Cognees-Paris_Ile_de_France.html,Les Cogn√©es,,102
Jeux et divertissements ‡ Paris,https://www.tripadvisor.fr/Attraction_Review-g187147-d7077667-Reviews-La_Piece-Paris_Ile_de_France.html,La Piece,Jeux d'√©vasion,185
Jeux et divertissements ‡ Paris,https://www.tripadvisor.fr/Attraction_Review-g187147-d7112256-Reviews-Prizoners-Paris_Ile_de_France.html,Prizoners,Jeux d'√©vasion,702
Jeux et divertissements ‡ Paris,https://www.tripadvisor.fr/Attraction_Review-g187147-d6825448-Reviews-X_Dimension-Paris_Ile_de_France.html,X-Dimension,Jeux d'√©vasion,461
Jeux et divertissements ‡ Paris,https://www.tripadvisor.fr/Attraction_Review-g187147-d10232627-Reviews-Destination_Danger-Paris_Ile_de_France.html,Destination Danger,Jeux d'√©vasion,264
Jeux et divertissements ‡ Paris,https://www.tripadvisor.fr/Attraction_Review-g187147-d2228998-Reviews-Le_Manoir_de_Paris-Paris_Ile_de_France.html,Le Manoir de Paris,Spectacles,1287
Jeux et divertissements ‡ Paris,https://www.tripadvisor.fr/Attraction_Review-g187147-d7061416-Reviews-Happy_Hour_Escape_Game-Paris_Ile_de_France.html,Happy Hour Escape Game,Jeux d'√©vasion,979
Jeux et divertissements ‡ Paris,https://www.tripadvisor.fr/Attraction_Review-g187147-d8559983-Reviews-Fox_in_a_Box_Paris-Paris_Ile_de_France.html,Fox in a Box Paris,Jeux d'√©vasion,311
Jeux et divertissements ‡ Paris,https://www.tripadvisor.fr/Attraction_Review-g187147-d8336981-Reviews-L_Antichambre-Paris_Ile_de_France.html,L'Antichambre,Jeux d'√©vasion,384
Jeux et divertissements ‡ Paris,https://www.tripadvisor.fr/Attraction_Review-g187147-d8412949-Reviews-Victory_Escape_Game_Opera-Paris_Ile_de_France.html,Victory Escape Game Op√©ra,Jeux d'√©vasion,356
Jeux et divertissements ‡ Paris,https://www.tripadvisor.fr/Attraction_Review-g187147-d8092631-Reviews-60_Minutes_Escape-Paris_Ile_de_France.html,60 Minutes Escape,Jeux d'√©vasion,118
Jeux et divertissements ‡ Paris,https://www.tripadvisor.fr/Attraction_Review-g187147-d13848345-Reviews-FlyView_Paris-Paris_Ile_de_France.html,FlyView Paris,,149
Jeux et divertissements ‡ Paris,https://www.tripadvisor.fr/Attraction_Review-g187147-d12180437-Reviews-Lock_Busters_Paris_Escape_Game-Paris_Ile_de_France.html,Lock Busters,Jeux d'√©vasion,105
Jeux et divertissements ‡ Paris,https://www.tripadvisor.fr/Attraction_Review-g187147-d12899194-Reviews-The_Escape_Lab-Paris_Ile_de_France.html,The Escape Lab',Jeux d'√©vasion,128
Jeux et divertissements ‡ Paris,https://www.tripadvisor.fr/Attraction_Review-g187147-d245098-Reviews-Le_Point_Virgule-Paris_Ile_de_France.html,Le Point Virgule,Spectacles humoristiques,91
Jeux et divertissements ‡ Paris,https://www.tripadvisor.fr/Attraction_Review-g187147-d4310592-Reviews-Le_Grand_Point_Virgule-Paris_Ile_de_France.html,le Grand Point Virgule,Autres jeux et divertissements,183
Jeux et divertissements ‡ Paris,https://www.tripadvisor.fr/Attraction_Review-g187147-d3808245-Reviews-Vincennes_Hippodrome_de_Paris-Paris_Ile_de_France.html,Vincennes Hippodrome de Paris,Hippodromes,135
Jeux et divertissements ‡ Paris,https://www.tripadvisor.fr/Attraction_Review-g187147-d13336782-Reviews-ARTIMUS_Escape_Game-Paris_Ile_de_France.html,ARTIMUS Escape Game,Jeux d'√©vasion,49
Jeux et divertissements ‡ Paris,https://www.tripadvisor.fr/Attraction_Review-g187147-d13238799-Reviews-L_Escapatoire-Paris_Ile_de_France.html,L'Escapatoire,Jeux d'√©vasion,33
Jeux et divertissements ‡ Paris,https://www.tripadvisor.fr/Attraction_Review-g187147-d245070-Reviews-La_Geode-Paris_Ile_de_France.html,La G√©ode,Salles de cin√©ma,262
Jeux et divertissements ‡ Paris,https://www.tripadvisor.fr/Attraction_Review-g187147-d602583-Reviews-Longchamp_Racecourse-Paris_Ile_de_France.html,Hippodrome de Longchamp,Hippodromes,112
Jeux et divertissements ‡ Paris,https://www.tripadvisor.fr/Attraction_Review-g187147-d12280807-Reviews-Criminal_Quest-Paris_Ile_de_France.html,Criminal Quest,Jeux d'√©vasion,64
Jeux et divertissements ‡ Paris,https://www.tripadvisor.fr/Attraction_Review-g187147-d10389604-Reviews-AviaSim_Paris-Paris_Ile_de_France.html,AviaSim Paris,,28
Jeux et divertissements ‡ Paris,https://www.tripadvisor.fr/Attraction_Review-g187147-d245089-Reviews-Le_Grenier_Diner_SpectacleLe_Grenier-Paris_Ile_de_France.html,Le Grenier D√Æner Spectacle,Spectacles humoristiques,126
Jeux et divertissements ‡ Paris,https://www.tripadvisor.fr/Attraction_Review-g187147-d11811003-Reviews-IFLY_Paris-Paris_Ile_de_France.html,iFLY Paris,,105
Jeux et divertissements ‡ Paris,https://www.tripadvisor.fr/Attraction_Review-g187147-d12246877-Reviews-Laser_World_Laser_tag-Paris_Ile_de_France.html,Laser World - Lasergame,,60
Jeux et divertissements ‡ Paris,https://www.tripadvisor.fr/Attraction_Review-g187147-d10681296-Reviews-Le_Fil_Rouge-Paris_Ile_de_France.html,Le Fil Rouge,,25
Jeux et divertissements ‡ Paris,https://www.tripadvisor.fr/Attraction_Review-g187147-d245137-Reviews-Studio_Galande-Paris_Ile_de_France.html,Studio Galande,Salles de cin√©ma,64
Jeux et divertissements ‡ Paris,https://www.tripadvisor.fr/Attraction_Review-g187147-d245144-Reviews-Theatre_Lucernaire-Paris_Ile_de_France.html,Th√©√¢tre Lucernaire,Salles de cin√©ma,28
Jeux et divertissements ‡ Paris,https://www.tripadvisor.fr/Attraction_Review-g187147-d10620879-Reviews-UGC_Cine_Cite_Bercy-Paris_Ile_de_France.html,UGC Cine Cite Bercy,Salles de cin√©ma,33
Jeux et divertissements ‡ Paris,https://www.tripadvisor.fr/Attraction_Review-g187147-d4133603-Reviews-Cinema_louxor_75010-Paris_Ile_de_France.html,Cinema louxor 75010,Salles de cin√©ma,26
Jeux et divertissements ‡ Paris,https://www.tripadvisor.fr/Attraction_Review-g187147-d545590-Reviews-MK2_Bibliotheque-Paris_Ile_de_France.html,MK2 Biblioth√®que,Salles de cin√©ma,76
Jeux et divertissements ‡ Paris,https://www.tripadvisor.fr/Attraction_Review-g187147-d5953754-Reviews-Le_Labo_Culinaire-Paris_Ile_de_France.html,Le Labo Culinaire,Autres jeux et divertissements,77
Jeux et divertissements ‡ Paris,https://www.tripadvisor.fr/Attraction_Review-g187147-d4267224-Reviews-SoGymnase_Comedy_Club-Paris_Ile_de_France.html,SoGymnase Comedy Club,Bars et clubs,29
Jeux et divertissements ‡ Paris,https://www.tripadvisor.fr/Attraction_Review-g187147-d12907121-Reviews-Again_Productions-Paris_Ile_de_France.html,Again! Productions,"Spectacles humoristiques, Spectacles",15
Jeux et divertissements ‡ Paris,https://www.tripadvisor.fr/Attraction_Review-g187147-d4472366-Reviews-La_Tete_Dans_Les_Nuages-Paris_Ile_de_France.html,La Tete Dans Les Nuages,Autres jeux et divertissements,80
Jeux et divertissements ‡ Paris,https://www.tripadvisor.fr/Attraction_Review-g187147-d9568589-Reviews-Palais_des_Glaces-Paris_Ile_de_France.html,Palais des Glaces,"Spectacles humoristiques, Th√©√¢tres",23
Jeux et divertissements ‡ Paris,https://www.tripadvisor.fr/Attraction_Review-g187147-d8760999-Reviews-Square_du_Temple-Paris_Ile_de_France.html,Square du Temple,,22
Jeux et divertissements ‡ Paris,https://www.tripadvisor.fr/Attraction_Review-g187147-d13273959-Reviews-Sparkling_VR-Paris_Ile_de_France.html,Sparkling VR,,13
Jeux et divertissements ‡ Paris,https://www.tripadvisor.fr/Attraction_Review-g187147-d4997636-Reviews-The_Great_British_American_Comedy_Night-Paris_Ile_de_France.html,The Great British American Comedy Night,"Spectacles, Spectacles humoristiques",31
Jeux et divertissements ‡ Paris,https://www.tripadvisor.fr/Attraction_Review-g187147-d1587596-Reviews-Paris_Story_Le_film-Paris_Ile_de_France.html,Paris Story Le film,Salles de cin√©ma,179
Jeux et divertissements ‡ Paris,https://www.tripadvisor.fr/Attraction_Review-g187147-d244992-Reviews-Place_Denfert_Rochereau-Paris_Ile_de_France.html,Place Denfert-Rochereau,Salles de cin√©ma,33
Jeux et divertissements ‡ Paris,https://www.tripadvisor.fr/Attraction_Review-g187147-d195058-Reviews-Hippodrome_d_Auteuil-Paris_Ile_de_France.html,Hippodrome d'Auteuil,Hippodromes,26
Jeux et divertissements ‡ Paris,https://www.tripadvisor.fr/Attraction_Review-g187147-d12357343-Reviews-MindOut-Paris_Ile_de_France.html,MindOut,Champs de bataille,14
Jeux et divertissements ‡ Paris,https://www.tripadvisor.fr/Attraction_Review-g187147-d245136-Reviews-Studio_28-Paris_Ile_de_France.html,Studio 28,Salles de cin√©ma,18
Jeux et divertissements ‡ Paris,https://www.tripadvisor.fr/Attraction_Review-g187147-d13323845-Reviews-Escape_Kid-Paris_Ile_de_France.html,Escape-Kid,Jeux d'√©vasion,10
Jeux et divertissements ‡ Paris,https://www.tripadvisor.fr/Attraction_Review-g187147-d11979002-Reviews-Yoo_Moov_Stations-Paris_Ile_de_France.html,Yoo Moov Stations,"Parcs √† th√®me, Parcs",45
Jeux et divertissements ‡ Paris,https://www.tripadvisor.fr/Attraction_Review-g187147-d10509653-Reviews-Cinema_Les_Fauvettes-Paris_Ile_de_France.html,Cinema Les Fauvettes,Salles de cin√©ma,16
Jeux et divertissements ‡ Paris,https://www.tripadvisor.fr/Attraction_Review-g187147-d8540366-Reviews-UGC_Cine_Cite_Paris_19-Paris_Ile_de_France.html,UGC Cin√© Cit√© Paris 19,Salles de cin√©ma,26
Jeux et divertissements ‡ Paris,https://www.tripadvisor.fr/Attraction_Review-g187147-d13958277-Reviews-Leave_in_time-Paris_Ile_de_France.html,Leave in time,Jeux d'√©vasion,11
Jeux et divertissements ‡ Paris,https://www.tripadvisor.fr/Attraction_Review-g187147-d8873870-Reviews-Square_Rene_Le_Gall-Paris_Ile_de_France.html,Square Ren√©-Le Gall,,18
Jeux et divertissements ‡ Paris,https://www.tripadvisor.fr/Attraction_Review-g187147-d8743147-Reviews-Extra_Life_Cafe-Paris_Ile_de_France.html,Extra Life Caf√©,Biblioth√®ques,11
Jeux et divertissements ‡ Paris,https://www.tripadvisor.fr/Attraction_Review-g187147-d4093040-Reviews-Seine_Avenue-Paris_Ile_de_France.html,Seine Avenue,Autres jeux et divertissements,13
Jeux et divertissements ‡ Paris,https://www.tripadvisor.fr/Attraction_Review-g187147-d8064265-Reviews-Le_Spectre_de_Paris-Paris_Ile_de_France.html,Le Spectre de Paris,"Jeux d'√©vasion, Chasses au tr√©sor",24
Jeux et divertissements ‡ Paris,https://www.tripadvisor.fr/Attraction_Review-g187147-d245110-Reviews-Max_Linder_Panorama-Paris_Ile_de_France.html,Max Linder Panorama,Salles de cin√©ma,11
Jeux et divertissements ‡ Paris,https://www.tripadvisor.fr/Attraction_Review-g187147-d245084-Reviews-Le_Cinema_des_Cineastes-Paris_Ile_de_France.html,Le Cin√©ma des cin√©astes,Salles de cin√©ma,11
Jeux et divertissements ‡ Paris,https://www.tripadvisor.fr/Attraction_Review-g187147-d2512694-Reviews-Le_Bowling_Mouffetard-Paris_Ile_de_France.html,Le Bowling Mouffetard,Bowlings,83
Jeux et divertissements ‡ Paris,https://www.tripadvisor.fr/Attraction_Review-g187147-d600907-Reviews-Cine_13-Paris_Ile_de_France.html,Cine 13,Salles de cin√©ma,12
Jeux et divertissements ‡ Paris,https://www.tripadvisor.fr/Attraction_Review-g187147-d8831115-Reviews-Life_Drawing_Montmartre-Paris_Ile_de_France.html,Life Drawing Montmartre,Ateliers de peinture et de poterie,8
Jeux et divertissements ‡ Paris,https://www.tripadvisor.fr/Attraction_Review-g187147-d9803306-Reviews-Lasergame_Evolution_Paris_14-Paris_Ile_de_France.html,Lasergame Evolution Paris-14,,10
Jeux et divertissements ‡ Paris,https://www.tripadvisor.fr/Attraction_Review-g187147-d13171501-Reviews-Rashomon_Escape_Game-Paris_Ile_de_France.html,Rashomon Escape,Jeux d'√©vasion,7
Jeux et divertissements ‡ Paris,https://www.tripadvisor.fr/Attraction_Review-g187147-d545588-Reviews-La_Pagode-Paris_Ile_de_France.html,La Pagode,Salles de cin√©ma,26
Jeux et divertissements ‡ Paris,https://www.tripadvisor.fr/Attraction_Review-g187147-d10225473-Reviews-Dynamo_Cycling-Paris_Ile_de_France.html,Dynamo Cycling,Centres de remise en forme,6
Jeux et divertissements ‡ Paris,https://www.tripadvisor.fr/Attraction_Review-g187147-d8336716-Reviews-Le_Tigre_du_Bain_Balles-Paris_Ile_de_France.html,Le Tigre du Bain Balles,,7
Jeux et divertissements ‡ Paris,https://www.tripadvisor.fr/Attraction_Review-g187147-d10156953-Reviews-Oh_My_Princess-Paris_Ile_de_France.html,Oh My Princess,,13
Jeux et divertissements ‡ Paris,https://www.tripadvisor.fr/Attraction_Review-g187147-d7724909-Reviews-Centre_Kapla-Paris_Ile_de_France.html,Centre Kapla,,12
Jeux et divertissements ‡ Paris,https://www.tripadvisor.fr/Attraction_Review-g187147-d12373928-Reviews-VirtualTime-Paris_Ile_de_France.html,VirtualTime,,23
Jeux et divertissements ‡ Paris,https://www.tripadvisor.fr/Attraction_Review-g187147-d245001-Reviews-Forum_des_Images-Paris_Ile_de_France.html,Forum des images,Salles de cin√©ma,7
Jeux et divertissements ‡ Paris,https://www.tripadvisor.fr/Attraction_Review-g187147-d11826553-Reviews-Pathe_La_Villette-Paris_Ile_de_France.html,Path√© La Villette,Salles de cin√©ma,35
Jeux et divertissements ‡ Paris,https://www.tripadvisor.fr/Attraction_Review-g187147-d245078-Reviews-Le_Balzac-Paris_Ile_de_France.html,Le Balzac,Salles de cin√©ma,8
Jeux et divertissements ‡ Paris,https://www.tripadvisor.fr/Attraction_Review-g187147-d8046316-Reviews-Comedie_des_Boulevards-Paris_Ile_de_France.html,Com√©die des Boulevards,"Th√©√¢tres, Spectacles humoristiques",7
Jeux et divertissements ‡ Paris,https://www.tripadvisor.fr/Attraction_Review-g187147-d245154-Reviews-UGC_Cine_Cite_Les_Halles-Paris_Ile_de_France.html,UGC Cin√© Cit√© Les Halles,Salles de cin√©ma,93
Jeux et divertissements ‡ Paris,https://www.tripadvisor.fr/Attraction_Review-g187147-d245061-Reviews-L_Entrepot-Paris_Ile_de_France.html,L'Entrep√¥t,"Bars et clubs, Salles de cin√©ma",27
Jeux et divertissements ‡ Paris,https://www.tripadvisor.fr/Attraction_Review-g187147-d8442819-Reviews-Parc_Sainte_Perine-Paris_Ile_de_France.html,Parc Sainte-P√©rine,"Terrains de jeux, Parcs",9
Jeux et divertissements ‡ Paris,https://www.tripadvisor.fr/Attraction_Review-g187147-d4730092-Reviews-Batostar-Paris_Ile_de_France.html,Batostar,Autres jeux et divertissements,14
Jeux et divertissements ‡ Paris,https://www.tripadvisor.fr/Attraction_Review-g187147-d7927708-Reviews-Alambic_Comedie-Paris_Ile_de_France.html,Alambic Com√©die,"Th√©√¢tres, Spectacles humoristiques",7
Jeux et divertissements ‡ Paris,https://www.tripadvisor.fr/Attraction_Review-g187147-d7757197-Reviews-Cinema_Escurial-Paris_Ile_de_France.html,Cin√©ma Escurial,Salles de cin√©ma,9
Jeux et divertissements ‡ Paris,https://www.tripadvisor.fr/Attraction_Review-g187147-d8476950-Reviews-Shoot_Again-Paris_Ile_de_France.html,Shoot Again,,8
Jeux et divertissements ‡ Paris,https://www.tripadvisor.fr/Attraction_Review-g187147-d245055-Reviews-Jardin_Nelson_Mandela-Paris_Ile_de_France.html,Jardin Nelson-Mandela,,40
Jeux et divertissements ‡ Paris,https://www.tripadvisor.fr/Attraction_Review-g187147-d6222927-Reviews-Le_Bar_a_Pintes-Paris_Ile_de_France.html,Le Bar √† Pintes,Autres jeux et divertissements,22
Jeux et divertissements ‡ Paris,https://www.tripadvisor.fr/Attraction_Review-g187147-d245108-Reviews-MK2_sur_Seine-Paris_Ile_de_France.html,MK2 sur Seine,Salles de cin√©ma,15
Jeux et divertissements ‡ Paris,https://www.tripadvisor.fr/Attraction_Review-g187147-d11876984-Reviews-Gaumont_Champs_Elysees-Paris_Ile_de_France.html,Gaumont Champs-Elys√©es,Salles de cin√©ma,9
Jeux et divertissements ‡ Paris,https://www.tripadvisor.fr/Attraction_Review-g187147-d12621495-Reviews-Mk2_VR-Paris_Ile_de_France.html,mk2 VR,,15
Jeux et divertissements ‡ Paris,https://www.tripadvisor.fr/Attraction_Review-g187147-d7712049-Reviews-FlightZone-Paris_Ile_de_France.html,FlightZone,,7
Jeux et divertissements ‡ Paris,https://www.tripadvisor.fr/Attraction_Review-g187147-d11959351-Reviews-Milk_Internetcafe_and_Games-Paris_Ile_de_France.html,Milk Internetcafe and Games,,53
Jeux et divertissements ‡ Paris,https://www.tripadvisor.fr/Attraction_Review-g187147-d12280122-Reviews-Theatre_BO_Saintt_Martin-Paris_Ile_de_France.html,Th√©√¢tre BO Saint-Martin,Spectacles humoristiques,3
Jeux et divertissements ‡ Paris,https://www.tripadvisor.fr/Attraction_Review-g187147-d10291294-Reviews-Atelier_3113-Paris_Ile_de_France.html,Atelier 3113,Ateliers de peinture et de poterie,3
Jeux et divertissements ‡ Paris,https://www.tripadvisor.fr/Attraction_Review-g187147-d7269917-Reviews-Cinema_Etoile-Paris_Ile_de_France.html,Cin√©ma √âtoile,Autres jeux et divertissements,7
Jeux et divertissements ‡ Paris,https://www.tripadvisor.fr/Attraction_Review-g187147-d8404059-Reviews-Piscine_Georges_Hermant-Paris_Ile_de_France.html,Piscine Georges Hermant,Complexes sportifs,7
Jeux et divertissements ‡ Paris,https://www.tripadvisor.fr/Attraction_Review-g187147-d13339854-Reviews-Spirit_Escape-Paris_Ile_de_France.html,Spirit Escape,Jeux d'√©vasion,7
Jeux et divertissements ‡ Paris,https://www.tripadvisor.fr/Attraction_Review-g187147-d10859499-Reviews-Reflet_Medicis-Paris_Ile_de_France.html,Reflet M√©dicis,Salles de cin√©ma,3
Jeux et divertissements ‡ Paris,https://www.tripadvisor.fr/Attraction_Review-g187147-d4921989-Reviews-Le_Sonart-Paris_Ile_de_France.html,Le Sonart,"Mus√©es sp√©cialis√©s, Bars et clubs",15
Jeux et divertissements ‡ Paris,https://www.tripadvisor.fr/Attraction_Review-g187147-d1499128-Reviews-La_Piscine_Josephine_Baker-Paris_Ile_de_France.html,La Piscine Josephine Baker,Complexes sportifs,59
Jeux et divertissements ‡ Paris,https://www.tripadvisor.fr/Attraction_Review-g187147-d8572499-Reviews-Pathe_Beaugrenelle-Paris_Ile_de_France.html,Path√© Beaugrenelle,Salles de cin√©ma,32
Jeux et divertissements ‡ Paris,https://www.tripadvisor.fr/Attraction_Review-g187147-d14094126-Reviews-Wildness-Paris_Ile_de_France.html,Wildness |¬†Lancer de haches et Rage Room,,2
Jeux et divertissements ‡ Paris,https://www.tripadvisor.fr/Attraction_Review-g187147-d12881910-Reviews-Bowling_Foch-Paris_Ile_de_France.html,Bowling Foch,Bowlings,6
Jeux et divertissements ‡ Paris,https://www.tripadvisor.fr/Attraction_Review-g187147-d14078421-Reviews-Graffiti_Paris-Paris_Ile_de_France.html,Graffiti Paris,Cours et ateliers,2
Jeux et divertissements ‡ Paris,https://www.tripadvisor.fr/Attraction_Review-g187147-d244989-Reviews-Cote_Court-Paris_Ile_de_France.html,C√¥t√© Court - Cin√© 104,Salles de cin√©ma,3
Jeux et divertissements ‡ Paris,https://www.tripadvisor.fr/Attraction_Review-g187147-d13377338-Reviews-LasergameEvolution_Paris_11-Paris_Ile_de_France.html,Lasergame Evolution,,2
Jeux et divertissements ‡ Paris,https://www.tripadvisor.fr/Attraction_Review-g187147-d1545367-Reviews-Espace_Glisse_Paris_18-Paris_Ile_de_France.html,Espace Glisse Paris 18,Complexes sportifs,2
Jeux et divertissements ‡ Paris,https://www.tripadvisor.fr/Attraction_Review-g187147-d4096564-Reviews-Cinema_Saint_Andre_des_Arts-Paris_Ile_de_France.html,Cin√©ma Saint-Andr√© des Arts,Autres jeux et divertissements,4
Jeux et divertissements ‡ Paris,https://www.tripadvisor.fr/Attraction_Review-g187147-d245090-Reviews-Le_Latina-Paris_Ile_de_France.html,Le Latina,Salles de cin√©ma,3
Jeux et divertissements ‡ Paris,https://www.tripadvisor.fr/Attraction_Review-g187147-d12936862-Reviews-Victory_Escape_Game_Marais-Paris_Ile_de_France.html,Victory Escape Game Marais,Jeux d'√©vasion,14
Jeux et divertissements ‡ Paris,https://www.tripadvisor.fr/Attraction_Review-g187147-d12120747-Reviews-Meet_a_French_Artist-Paris_Ile_de_France.html,Meet a French Artist,Ateliers de peinture et de poterie,2
Jeux et divertissements ‡ Paris,https://www.tripadvisor.fr/Attraction_Review-g187147-d13169035-Reviews-Tennis_Jean_Bouin-Paris_Ile_de_France.html,Tennis Jean Bouin,Complexes sportifs,2
Jeux et divertissements ‡ Paris,https://www.tripadvisor.fr/Attraction_Review-g187147-d10458467-Reviews-Cinema_Gaumont_Convention-Paris_Ile_de_France.html,Cin√©ma Gaumont Convention,Salles de cin√©ma,12
Jeux et divertissements ‡ Paris,https://www.tripadvisor.fr/Attraction_Review-g187147-d6415164-Reviews-Cinema_Gaumont_Bienvenue_Montparnasse-Paris_Ile_de_France.html,Cin√©ma Gaumont Bienvenue Montparnasse,Autres jeux et divertissements,4
Jeux et divertissements ‡ Paris,https://www.tripadvisor.fr/Attraction_Review-g187147-d9727570-Reviews-Espace_Cardin-Paris_Ile_de_France.html,Espace Cardin,Spectacles humoristiques,3
Jeux et divertissements ‡ Paris,https://www.tripadvisor.fr/Attraction_Review-g187147-d3571304-Reviews-Bowling_Front_de_Seine-Paris_Ile_de_France.html,Bowling Front de Seine,Bowlings,38
Jeux et divertissements ‡ Paris,https://www.tripadvisor.fr/Attraction_Review-g187147-d12659399-Reviews-Parc_Kellermann-Paris_Ile_de_France.html,Parc Kellermann,,3
Jeux et divertissements ‡ Paris,https://www.tripadvisor.fr/Attraction_Review-g187147-d14180819-Reviews-UGC_Normandie-Paris_Ile_de_France.html,UGC Normandie,Salles de cin√©ma,1
Jeux et divertissements ‡ Paris,https://www.tripadvisor.fr/Attraction_Review-g187147-d12318207-Reviews-Painting_class_Pigalle-Paris_Ile_de_France.html,Painting class Pigalle,Ateliers de peinture et de poterie,1
Jeux et divertissements ‡ Paris,https://www.tripadvisor.fr/Attraction_Review-g187147-d245100-Reviews-Le_Tartuffe-Paris_Ile_de_France.html,Le Tartuffe,Spectacles humoristiques,1
Jeux et divertissements ‡ Paris,https://www.tripadvisor.fr/Attraction_Review-g187147-d10317818-Reviews-Fast_Challenge-Paris_Ile_de_France.html,Fast Challenge,Autres activit√©s de plein air,1
Jeux et divertissements ‡ Paris,https://www.tripadvisor.fr/Attraction_Review-g187147-d245083-Reviews-Le_Champo-Paris_Ile_de_France.html,Le Champo,Salles de cin√©ma,7
Jeux et divertissements ‡ Paris,https://www.tripadvisor.fr/Attraction_Review-g187147-d294938-Reviews-Aviation_Club_de_France-Paris_Ile_de_France.html,Aviation Club de France,Casinos,9
Jeux et divertissements ‡ Paris,https://www.tripadvisor.fr/Attraction_Review-g187147-d10386154-Reviews-Tout_s_arrange-Paris_Ile_de_France.html,Tout s'arrange,Ateliers de peinture et de poterie,1
Jeux et divertissements ‡ Paris,https://www.tripadvisor.fr/Attraction_Review-g187147-d4832255-Reviews-Cinema_La_Clef-Paris_Ile_de_France.html,Cinema La Clef,Salles de cin√©ma,2
Jeux et divertissements ‡ Paris,https://www.tripadvisor.fr/Attraction_Review-g187147-d9810225-Reviews-Cinema_Christine_21-Paris_Ile_de_France.html,Cinema Christine 21,Salles de cin√©ma,1
Jeux et divertissements ‡ Paris,https://www.tripadvisor.fr/Attraction_Review-g187147-d12926420-Reviews-Cafe_Oscar-Paris_Ile_de_France.html,Caf√© Oscar,"Spectacles humoristiques, Caf√©s",6
Jeux et divertissements ‡ Paris,https://www.tripadvisor.fr/Attraction_Review-g187147-d8002824-Reviews-Atelier_Vermeer-Paris_Ile_de_France.html,Atelier Vermeer,Ateliers de peinture et de poterie,1
Jeux et divertissements ‡ Paris,https://www.tripadvisor.fr/Attraction_Review-g187147-d14012880-Reviews-Drone_Indoor-Paris_Ile_de_France.html,Drone Indoor,,1
Jeux et divertissements ‡ Paris,https://www.tripadvisor.fr/Attraction_Review-g187147-d14039623-Reviews-Fury_Room-Paris_Ile_de_France.html,Fury Room,,2
Jeux et divertissements ‡ Paris,https://www.tripadvisor.fr/Attraction_Review-g187147-d13294902-Reviews-Meltdown-Paris_Ile_de_France.html,Meltdown,Bars et clubs,3
Jeux et divertissements ‡ Paris,https://www.tripadvisor.fr/Attraction_Review-g187147-d4116149-Reviews-Cameleon_Club-Paris_Ile_de_France.html,Cameleon Club,Autres jeux et divertissements,1
Jeux et divertissements ‡ Paris,https://www.tripadvisor.fr/Attraction_Review-g187147-d14013007-Reviews-Mystery_Escape-Paris_Ile_de_France.html,Mystery Escape,Jeux d'√©vasion,2
Jeux et divertissements ‡ Paris,https://www.tripadvisor.fr/Attraction_Review-g187147-d10121336-Reviews-Ludotheque_Planete_Jeux-Paris_Ile_de_France.html,Ludotheque Planete Jeux,,1
Jeux et divertissements ‡ Paris,https://www.tripadvisor.fr/Attraction_Review-g187147-d3453888-Reviews-Cinema_Epee_de_Bois-Paris_Ile_de_France.html,Cinema Epee de Bois,Salles de cin√©ma,3
Jeux et divertissements ‡ Paris,https://www.tripadvisor.fr/Attraction_Review-g187147-d244923-Reviews-Caveau_de_la_Republique-Paris_Ile_de_France.html,Caveau de la R√©publique,Spectacles humoristiques,13
Jeux et divertissements ‡ Paris,https://www.tripadvisor.fr/Attraction_Review-g187147-d2040168-Reviews-Le_Chat_Botte-Paris_Ile_de_France.html,Le Chat Botte,Salles de cin√©ma,1
Jeux et divertissements ‡ Paris,https://www.tripadvisor.fr/Attraction_Review-g187147-d12177451-Reviews-Le_Quartier_Sport-Paris_Ile_de_France.html,Le Quartier Sport,Complexes sportifs,1
Jeux et divertissements ‡ Paris,https://www.tripadvisor.fr/Attraction_Review-g187147-d11805515-Reviews-Square_Alexandre_et_Rene_Parodi-Paris_Ile_de_France.html,Square Alexandre et Rene Parodi,"Terrains de jeux, Jardins",4
Jeux et divertissements ‡ Paris,https://www.tripadvisor.fr/Attraction_Review-g187147-d620025-Reviews-Piscine_Georges_Vallerey-Paris_Ile_de_France.html,Piscine Georges Vallerey,"Parcs aquatiques, Complexes sportifs",13
Jeux et divertissements ‡ Paris,https://www.tripadvisor.fr/Attraction_Review-g187147-d8627089-Reviews-Piscine_Beaujon-Paris_Ile_de_France.html,Piscine Beaujon,Complexes sportifs,7
Jeux et divertissements ‡ Paris,https://www.tripadvisor.fr/Attraction_Review-g187147-d10448172-Reviews-Cinema_MK2_Nation-Paris_Ile_de_France.html,Cinema MK2 Nation,Salles de cin√©ma,1
Jeux et divertissements ‡ Paris,https://www.tripadvisor.fr/Attraction_Review-g187147-d6581854-Reviews-Espace_Sportif_Pailleron-Paris_Ile_de_France.html,Espace Sportif Pailleron,Autres jeux et divertissements,25
Jeux et divertissements ‡ Paris,https://www.tripadvisor.fr/Attraction_Review-g187147-d8399042-Reviews-UGC_Danton-Paris_Ile_de_France.html,UGC Danton,Salles de cin√©ma,16
Jeux et divertissements ‡ Paris,https://www.tripadvisor.fr/Attraction_Review-g187147-d9454429-Reviews-UGC_Opera-Paris_Ile_de_France.html,UGC Op√©ra,Salles de cin√©ma,3
Jeux et divertissements ‡ Paris,https://www.tripadvisor.fr/Attraction_Review-g187147-d10597261-Reviews-Le_Studio_Luxembourg_Accattone-Paris_Ile_de_France.html,Le Studio Luxembourg ‚Äì Accattone,Salles de cin√©ma,1
Jeux et divertissements ‡ Paris,https://www.tripadvisor.fr/Attraction_Review-g187147-d4728523-Reviews-INDY_Bowling_Paris_Porte_de_la_chapelle-Paris_Ile_de_France.html,INDY Bowling Paris - Porte de la chapelle,Bowlings,11
Jeux et divertissements ‡ Paris,https://www.tripadvisor.fr/Attraction_Review-g187147-d6642156-Reviews-Laser_Paris-Paris_Ile_de_France.html,Laser Paris,,97
Jeux et divertissements ‡ Paris,https://www.tripadvisor.fr/Attraction_Review-g187147-d8404075-Reviews-Piscine_Chateau_des_Rentiers-Paris_Ile_de_France.html,Piscine Ch√¢teau des Rentiers,Complexes sportifs,2
Jeux et divertissements ‡ Paris,https://www.tripadvisor.fr/Attraction_Review-g187147-d6434746-Reviews-Cinema_Gaumont_Parnasse-Paris_Ile_de_France.html,Cin√©ma Gaumont Parnasse,Autres jeux et divertissements,34
Jeux et divertissements ‡ Paris,https://www.tripadvisor.fr/Attraction_Review-g187147-d7274707-Reviews-Bowling_Champerret-Paris_Ile_de_France.html,Bowling Champerret,Bowlings,37
Jeux et divertissements ‡ Paris,https://www.tripadvisor.fr/Attraction_Review-g187147-d13506934-Reviews-Cinema_Pathe_Wepler-Paris_Ile_de_France.html,Cin√©ma Path√© Wepler,Salles de cin√©ma,3
Jeux et divertissements ‡ Paris,https://www.tripadvisor.fr/Attraction_Review-g187147-d12703502-Reviews-Regisseur_des_Arcanes-Paris_Ile_de_France.html,R√©gisseur des Arcanes,Chasses au tr√©sor,0
Jeux et divertissements ‡ Paris,https://www.tripadvisor.fr/Attraction_Review-g187147-d12991947-Reviews-Escape_Voltaire-Paris_Ile_de_France.html,Escape Voltaire,Jeux d'√©vasion,9
Jeux et divertissements ‡ Paris,https://www.tripadvisor.fr/Attraction_Review-g187147-d14416830-Reviews-Tresor_co-Paris_Ile_de_France.html,Tresor & co,Chasses au tr√©sor,0
Jeux et divertissements ‡ Paris,https://www.tripadvisor.fr/Attraction_Review-g187147-d14214780-Reviews-Artacademie-Paris_Ile_de_France.html,Artacademie,Ateliers de peinture et de poterie,0
Jeux et divertissements ‡ Paris,https://www.tripadvisor.fr/Attraction_Review-g187147-d14024540-Reviews-Un_Tresor_a_Paris-Paris_Ile_de_France.html,Un Tr√©sor √† Paris,"Jeux d'√©vasion, Chasses au tr√©sor",0
Jeux et divertissements ‡ Paris,https://www.tripadvisor.fr/Attraction_Review-g187147-d14020216-Reviews-L_Inconnue_de_la_Seine-Paris_Ile_de_France.html,L'Inconnue de la Seine,,0
Jeux et divertissements ‡ Paris,https://www.tripadvisor.fr/Attraction_Review-g187147-d13129159-Reviews-Publicis_Cinemas-Paris_Ile_de_France.html,Publicis Cin√©mas,Salles de cin√©ma,0
Jeux et divertissements ‡ Paris,https://www.tripadvisor.fr/Attraction_Review-g187147-d12975356-Reviews-Mosavitra_ciom-Paris_Ile_de_France.html,Mosavitra.com,Ateliers de peinture et de poterie,0
Jeux et divertissements ‡ Paris,https://www.tripadvisor.fr/Attraction_Review-g187147-d12950666-Reviews-Playground_Duperre-Paris_Ile_de_France.html,Playground Duperr√©,Terrains de jeux,0
Jeux et divertissements ‡ Paris,https://www.tripadvisor.fr/Attraction_Review-g187147-d12932596-Reviews-Team_Break-Paris_Ile_de_France.html,Team Break,Jeux d'√©vasion,0
Jeux et divertissements ‡ Paris,https://www.tripadvisor.fr/Attraction_Review-g187147-d12813172-Reviews-Atelier_Vie-Paris_Ile_de_France.html,Atelier Vie,Ateliers de peinture et de poterie,0
Jeux et divertissements ‡ Paris,https://www.tripadvisor.fr/Attraction_Review-g187147-d11657911-Reviews-Late_Night_Laughs-Paris_Ile_de_France.html,Late Night Laughs,"Th√©√¢tres, Spectacles humoristiques",0
Jeux et divertissements ‡ Paris,https://www.tripadvisor.fr/Attraction_Review-g187147-d11622640-Reviews-The_Comedy_Square-Paris_Ile_de_France.html,The Comedy Square,Spectacles humoristiques,0
Jeux et divertissements ‡ Paris,https://www.tripadvisor.fr/Attraction_Review-g187147-d8453910-Reviews-Atelier_Cinabre-Paris_Ile_de_France.html,Atelier Cinabre,Ateliers de peinture et de poterie,0
Jeux et divertissements ‡ Paris,https://www.tripadvisor.fr/Attraction_Review-g187147-d7269918-Reviews-Cinema_Etoile-Paris_Ile_de_France.html,Cin√©ma √âtoile,Autres jeux et divertissements,0
Jeux et divertissements ‡ Paris,https://www.tripadvisor.fr/Attraction_Review-g187147-d6222928-Reviews-Le_Paddock-Paris_Ile_de_France.html,Le Paddock,Autres jeux et divertissements,0
Jeux et divertissements ‡ Paris,https://www.tripadvisor.fr/Attraction_Review-g187147-d606614-Reviews-Club_Zed-Paris_Ile_de_France.html,Club Zed,Spectacles humoristiques,0
Jeux et divertissements ‡ Paris,https://www.tripadvisor.fr/Attraction_Review-g187147-d245130-Reviews-Rencontres_Internationales_du_Cinema-Paris_Ile_de_France.html,Rencontres internationales du cin√©ma,Salles de cin√©ma,0
Jeux et divertissements ‡ Paris,https://www.tripadvisor.fr/Attraction_Review-g187147-d245103-Reviews-Les_Assassins-Paris_Ile_de_France.html,Les Assassins,Spectacles humoristiques,0
Jeux et divertissements ‡ Paris,https://www.tripadvisor.fr/Attraction_Review-g187147-d245076-Reviews-Laughing_Matters-Paris_Ile_de_France.html,Laughing Matters,Spectacles humoristiques,0
Jeux et divertissements ‡ Paris,https://www.tripadvisor.fr/Attraction_Review-g187147-d244993-Reviews-Diagonal_Europa-Paris_Ile_de_France.html,Diagonal Europa,Salles de cin√©ma,0
Jeux et divertissements ‡ Paris,https://www.tripadvisor.fr/Attraction_Review-g187147-d244879-Reviews-Action-Paris_Ile_de_France.html,Action,Salles de cin√©ma,0
